{
	"items": [
		{
			"lat": 10.0,
			"lon": 10.0,
			"timestampStart": "2021-04-21T15:43:40Z",
			"timestampEnd": "2021-04-21T18:26:35Z"
		},
		{
			"lat": 10.0,
			"lon": 10.0,
			"timestampStart": "2021-04-21T20:19:22Z",
			"timestampEnd": "2021-04-22T10:05:34Z"
		},
		{
			"lat": 10.0,
			"lon": 10.0,
			"timestampStart": "2021-04-22T17:20:55Z",
			"timestampEnd": "2021-04-22T17:35:23Z"
		},
		{
			"lat": 10.0,
			"lon": 10.0,
			"timestampStart": "2021-04-22T19:12:02Z",
			"timestampEnd": "2021-04-22T19:30:36Z"
		},
		{
			"lat": 10.0,
			"lon": 10.0,
			"timestampStart": "2021-04-22T23:20:01Z",
			"timestampEnd": "2021-04-23T08:59:39Z"
		}
	]
}
